<?xml version="1.0"?>
<OpenSearchDescription xmlns="http://a9.com/-/spec/opensearch/1.1/" xmlns:moz="http://www.mozilla.org/2006/browser/search/">
    <ShortName>SCVO</ShortName>
    <Description>
        The Scottish Council for Voluntary Organisations (SCVO) is the membership organisation for Scotland's charities, voluntary organisations and social enterprises.
    </Description>
    <InputEncoding>UTF-8</InputEncoding>
    <Image width="16" height="16" type="image/x-icon">
        /app/assets/images/icons/favicon.ico
    </Image>
    <Url type="text/html" method="get" template="/search?q={searchTerms}"/>
</OpenSearchDescription>
